<?xml version="1.0" encoding="UTF-8"?>

<!DOCTYPE faces-config PUBLIC
    "-//Sun Microsystems, Inc.//DTD JavaServer Faces Config 1.1//EN"
    "http://java.sun.com/dtd/web-facesconfig_1_1.dtd">

<faces-config>
	<application>
		<message-bundle>com.webmethods.caf.AppResources</message-bundle>
		<locale-config>
			<default-locale>en_US</default-locale>
		</locale-config>
	</application>

	<managed-bean>
		<description>applicationbean</description>
		<display-name>wm_permissions_sample</display-name>
		<managed-bean-name>Wm_permissions_sample</managed-bean-name>
		<managed-bean-class>com.webmethods.caf.Wm_permissions_sample</managed-bean-class>
		<managed-bean-scope>application</managed-bean-scope>
	</managed-bean>
	<managed-bean>
		<description>portletbean</description>
		<display-name>WmUsersList</display-name>
		<managed-bean-name>WmUsersList</managed-bean-name>
		<managed-bean-class>com.webmethods.caf.wmuserslist.WmUsersList</managed-bean-class>
		<managed-bean-scope>session</managed-bean-scope>
		<managed-property>
			<description>Specifies whether the session bean expires when the pageflow is out of scope</description>
			<display-name>Expire With Page Flow</display-name>
			<property-name>expireWithPageFlow</property-name>
			<property-class>java.lang.Boolean</property-class>
			<value>true</value>
		</managed-property>
	</managed-bean>
	<managed-bean>
		<description>pagebean</description>
		<display-name>WmUsersList/default</display-name>
		<managed-bean-name>WmUsersListDefaultviewView</managed-bean-name>
		<managed-bean-class>com.webmethods.caf.wmuserslist.WmUsersListDefaultviewView</managed-bean-class>
		<managed-bean-scope>session</managed-bean-scope>
		<managed-property>
			<description>Specifies whether the session bean expires when the pageflow is out of scope</description>
			<display-name>Expire With Page Flow</display-name>
			<property-name>expireWithPageFlow</property-name>
			<property-class>java.lang.Boolean</property-class>
			<value>true</value>
		</managed-property>
	</managed-bean>
	<managed-bean>
		<managed-bean-name>PrincipalModelsProvider</managed-bean-name>
		<managed-bean-class>com.webmethods.caf.faces.data.object.SelectableListTableContentProvider</managed-bean-class>
		<managed-bean-scope>session</managed-bean-scope>
		<managed-property>
			<property-name>expireWithPageFlow</property-name>
			<property-class>java.lang.Boolean</property-class>
			<value>true</value>
		</managed-property>
	</managed-bean>
	<navigation-rule>
		<from-view-id>/WmUsersList/*</from-view-id>
		<navigation-case>
			<from-outcome>default</from-outcome>
			<to-view-id>/WmUsersList/default.view</to-view-id>
		</navigation-case>
	</navigation-rule>
	<managed-bean>
		<description>pagebean</description>
		<display-name>WmUsersList/permissions</display-name>
		<managed-bean-name>WmUsersEditPermissionsView</managed-bean-name>
		<managed-bean-class>com.webmethods.caf.wmuserslist.WmUsersEditPermissionsView</managed-bean-class>
		<managed-bean-scope>session</managed-bean-scope>
		<managed-property>
			<description>Specifies whether the session bean expires when the pageflow is out of scope</description>
			<display-name>Expire With Page Flow</display-name>
			<property-name>expireWithPageFlow</property-name>
			<property-class>java.lang.Boolean</property-class>
			<value>true</value>
		</managed-property>
	</managed-bean>
	<navigation-rule>
		<from-view-id>/WmUsersList/*</from-view-id>
		<navigation-case>
			<from-outcome>permissions</from-outcome>
			<to-view-id>/WmUsersList/permissions.view</to-view-id>
		</navigation-case>
	</navigation-rule>
	<navigation-rule>
		<from-view-id>/_default/*</from-view-id>
		<navigation-case>
			<from-outcome>default</from-outcome>
			<to-view-id>/_default/default.view</to-view-id>
		</navigation-case>
	</navigation-rule>
	<managed-bean>
		<description>portletbean</description>
		<display-name>WmPermissionTest</display-name>
		<managed-bean-name>WmPermissionTest</managed-bean-name>
		<managed-bean-class>com.webmethods.caf.wmpermissiontest.WmPermissionTest</managed-bean-class>
		<managed-bean-scope>session</managed-bean-scope>
		<managed-property>
			<description>Specifies whether the session bean expires when the pageflow is out of scope</description>
			<display-name>Expire With Page Flow</display-name>
			<property-name>expireWithPageFlow</property-name>
			<property-class>java.lang.Boolean</property-class>
			<value>true</value>
		</managed-property>
	</managed-bean>
	<managed-bean>
		<description>pagebean</description>
		<display-name>WmPermissionTest/default</display-name>
		<managed-bean-name>WmPermissionTestDefaultviewView</managed-bean-name>
		<managed-bean-class>com.webmethods.caf.wmpermissiontest.WmPermissionTestDefaultviewView</managed-bean-class>
		<managed-bean-scope>session</managed-bean-scope>
		<managed-property>
			<description>Specifies whether the session bean expires when the pageflow is out of scope</description>
			<display-name>Expire With Page Flow</display-name>
			<property-name>expireWithPageFlow</property-name>
			<property-class>java.lang.Boolean</property-class>
			<value>true</value>
		</managed-property>
	</managed-bean>
	<managed-bean>
		<managed-bean-name>UserInfo</managed-bean-name>
		<managed-bean-class>com.webmethods.caf.wmuserslist.UserInfo</managed-bean-class>
		<managed-bean-scope>session</managed-bean-scope>
	</managed-bean>
	<navigation-rule>
		<from-view-id>/WmPermissionTest/*</from-view-id>
		<navigation-case>
			<from-outcome>default</from-outcome>
			<to-view-id>/WmPermissionTest/default.view</to-view-id>
		</navigation-case>
	</navigation-rule>
</faces-config>
