<?xml version="1.0" encoding="UTF-8" standalone="yes"?>
<wm-portlet-app version="1.0">
	<wm-portlet>
		<portlet-name>WmUsersList</portlet-name>
		<category>wm_permissions_sample</category>
		<portlet-preferences>
			<preference>
				<name>resourcesIDs</name>
				<display-name></display-name>
				<description></description>
				<scope>content</scope>
				<property-editor type="text"></property-editor>
				<hidden>true</hidden>
				<required>false</required>
				<type>String</type>
			</preference>
			<preference>
				<name>resourceType</name>
				<display-name></display-name>
				<description></description>
				<scope>content</scope>
				<property-editor type="text"></property-editor>
				<hidden>true</hidden>
				<required>false</required>
				<type>String</type>
			</preference>
			<preference>
				<name>returnUrl</name>
				<display-name></display-name>
				<description></description>
				<scope>content</scope>
				<property-editor type="text"></property-editor>
				<hidden>true</hidden>
				<required>false</required>
				<type>String</type>
			</preference>
			<preference>
				<name>principalID</name>
				<display-name></display-name>
				<description></description>
				<scope>session</scope>
				<property-editor type="text"></property-editor>
				<hidden>true</hidden>
				<required>false</required>
				<type>String</type>
			</preference>
			<preference>
				<name>invocationID</name>
				<display-name></display-name>
				<description></description>
				<scope>content</scope>
				<property-editor type="text"></property-editor>
				<hidden>true</hidden>
				<required>false</required>
				<type>String</type>
			</preference>
			<preference>
				<name>renderer</name>
				<display-name></display-name>
				<description></description>
				<scope>content</scope>
				<property-editor type="text"></property-editor>
				<hidden>true</hidden>
				<required>false</required>
				<type>String</type>
			</preference>
		</portlet-preferences>
	</wm-portlet>

	<wm-portlet>
		<portlet-name>WmPermissionTest</portlet-name>
		<category>wm_permissions_sample</category>
	</wm-portlet>
</wm-portlet-app>

